g_stigma,g_other
0.69725,0.715248
0.68385,0.709888
0.59395,0.76035
0.73735,0.757408
0.75705,0.89425
0.80465,0.806728
0.67215,0.82195
0.71365,0.731448
